disaster_no,event_name,disaster_type,disaster_subtype,location,start_year,start_month,end_year,end_month,total_deaths,no_injured,no_affected,total_affected,total_damage_adj_usd_thousands,latitude,longitude
2026-0018-AUS,,Wildfire,Wildfire (General),Victoria (New South Wales),2026,1,2026,1.0,1.0,,780.0,780.0,,,
2026-0162-AUS,,Flood,Flood (General),Gympie Region (Queensland); north of the Northern Territory,2026,3,2026,3.0,2.0,,197.0,197.0,,,
2021-0334-AUS,,Flood,Flash flood,"Victoria, New South Wales, Queensland, and South Australia",2021,6,2021,6.0,2.0,,600.0,600.0,392078.0,,
2019-0028-AUS,,Flood,Riverine flood,"Townsville, Daintree, Giru (Queensland)",2019,1,2019,2.0,3.0,,9900.0,9900.0,2518550.0,,
2022-0046-AUS,,Flood,Flood (General),Eastern Queensland,2022,1,2022,1.0,2.0,,200.0,200.0,88006.0,,
2017-0072-AUS,Sir Ivan fire,Wildfire,Wildfire (General),"New South Wales states (Dunedoo, Uarbry, Pappinbarra, Dondingalong, Kempsey, Boggabri, Narrabri, Mudgee)",2017,2,2017,2.0,,2.0,27.0,143.0,26268.0,,
2022-0679-AUS,,Flood,Flood (General),"Victoria, New South Wales and Tasmania",2022,10,2022,10.0,2.0,,102000.0,102000.0,1430101.0,,
2023-0138-AUS,,Flood,Flood (General),"Burketown, Riversleigh, Gregory Downs, Doomadgee, and Normanton Towns (northern Queensland)",2023,3,2023,3.0,,,170.0,170.0,,,
2015-0514-AUS,,Wildfire,"Land fire (Brush, Bush, Pasture)","Pinery, Balaklava cities (Wakefield (DC) district, North Mount Lofty Ranges, South Australia province), Roseworthy city (Light (RegC) district, South Australia province)",2015,11,2015,11.0,2.0,30.0,126.0,261.0,271662.0,,
2023-0856-AUS,,Storm,Storm (General),"New South Wales, Queensland, Victoria provinces (Queensland)",2023,12,2023,12.0,10.0,,2100.0,2100.0,,,
2015-0148-AUS,,Storm,Severe weather,"Dungog, Hunters Hill, Sydney districts (New South Wales province)",2015,4,2015,4.0,7.0,,1000.0,1000.0,1765805.0,,
2015-0010-AUS,,Wildfire,"Land fire (Brush, Bush, Pasture)","Sampson Flat city (Playford (C) district, South Australia province), Kersbrook (Adelaide Hills (DC) district, Mount Lofty Ranges, South Australia province)",2015,1,2015,1.0,,134.0,,134.0,69274.0,,
2025-0075-AUS,,Flood,Flood (General),"Townsville, Cardwell and Ingham (Queensland state)",2024,2,2025,2.0,2.0,,6000.0,6000.0,318157.0,,
2013-0402-AUS,,Wildfire,"Land fire (Brush, Bush, Pasture)",Blue Mountains (C) district (New South Wales province),2013,10,2013,10.0,2.0,,990.0,990.0,370372.0,,
2013-0024-AUS,,Wildfire,"Land fire (Brush, Bush, Pasture)","Dunnaley, Boomer Bay cities (Sorell (M) district, Tasmania province), Sommers Bay (Tasman district, Tasmania province), Bicheno city (Glamorgan/Spring Bay (M) district, Tasmania province); New South Wales, Victoria",2013,1,2013,1.0,1.0,,450.0,450.0,135434.0,,
2025-1019-AUS,,Wildfire,Wildfire (General),Glenlusk and Levendale (Tasmania); Markwood (Victoria); Koolewong and Bulahdelah (New South Wales),2025,12,2025,12.0,1.0,,42.0,159.0,,,
2020-0053-AUS,,Flood,Flood (General),New South Wales,2020,2,2020,2.0,1.0,,,,1492716.0,,
2020-0019-AUS,,Storm,Lightning/Thunderstorms,"New South Wales , Victoria States",2020,1,2020,1.0,,,,,1865895.0,,
2025-0383-AUS,,Storm,Severe weather,Hunter and Mid North Coast regions (New South Wales state),2025,5,2025,5.0,5.0,,50000.0,50000.0,270000.0,,
2024-0746-AUS,,Storm,Severe weather,Victoria and Tasmania states,2024,8,2024,9.0,1.0,2.0,4400.0,4402.0,,,
2002-9611-AUS,,Drought,Drought,"Queensland, New South Wales provinces",2002,4,2002,11.0,,,,,3579630.0,,
2003-0109-AUS,,Flood,Flash flood,"Clarence Valley, Coffs Harbour, Kempsey, Gwydir, Tamworth Regional, Narrabri, Uralla, Moree Plains districts (New South Wales province)",2003,2,2003,2.0,,,100.0,100.0,,,
2004-0091-AUS,,Flood,Riverine flood,"Mount Isa, Longreach, Rockhampton, Townsville, Barcoo, Diamantina, Paroo districts (Queensland province), Tamworth Regional, Moree Plains districts (New South Wales province)",2004,1,2004,2.0,,,3400.0,3400.0,54543.0,,
2005-0697-AUS,,Storm,Storm (General),"Australian Capital Territory, Queensland, New South Wales, Victoria provinces",2005,12,2005,12.0,1.0,,600.0,600.0,24728.0,,
2006-0660-AUS,,Wildfire,Wildfire (General),"Blue mountains district, New South Wales province",2006,11,2006,11.0,,,,,,,
2006-0666-AUS,,Wildfire,Forest fire,"Tasmania, Victoria, New South Wales provinces",2006,12,2006,12.0,1.0,,,60.0,79850.0,,
2007-0591-AUS,George and Jacob,Storm,Tropical cyclone,"Darwin district (Northern Territory province), Ashburton, East Pilbara, Port Hedland, Roebourne districts (Western Australia province)",2007,3,2007,3.0,2.0,,730.0,820.0,155271.0,-13.67,131.92
2008-0017-AUS,,Flood,Riverine flood,"Yamba area (Unincorporated NSW, New South Wales province), Proserpine, Airlie Beach, Bowen areas (Whitsunday district, Queensland province), Giru area (Burdekin district, Queensland province), Georgetown area (Etheridge district, Queensland province), Charleville area (Murweh district, Queensland province), Aramac, Muttaburra, Willow villages (Barcaldine district, Queensland province), Belyando, Clermont villages (Isaac district, Queensland province), Emerald, Sapphire villages (Central Highlands district, Queensland province), hargomindah village (Bulloo district, Queensland province), Mirani, Finch Hatton villages (Mackay district, Queensland province), Cunnamulla village (Paroo district, Queensland province), Townsville, Charters Towers, Longreach, Winton, Barcoo, Quilpie, Blackall Tambo districts (Queensland province)",2008,1,2008,2.0,,,3200.0,3200.0,897183.0,-20.4,144.56
2008-0525-AUS,,Storm,Lightning/Thunderstorms,"Brisbane, Logan, Gold Coast, Sunshine Coast, Moreton Bay districts (Queensland province)",2008,11,2008,11.0,1.0,,12000.0,12000.0,672887.0,-30.05,151.49
2009-0615-AUS,,Flood,Riverine flood,"Queensland, New South Wales provinces",2009,1,2009,2.0,7.0,,9000.0,9000.0,225096.0,,
2009-0616-AUS,,Extreme temperature,Heat wave,"Victoria, New South wales (South), Tasmania (Northern) provinces",2009,1,2009,2.0,347.0,2000.0,,2000.0,,,
2010-0066-AUS,,Flood,Riverine flood,"Bega Valley, Eurobodalla, Bombala, Cooma-Monaro, Snowy River, Mid-Western Regional districts (New South Wales province)",2010,2,2010,2.0,,,,,,-32.42,149.59
2010-0125-AUS,,Storm,Severe weather,"Joondalup, Mandurah, Perth districts (Western Australia province)",2010,3,2010,3.0,,,,,2052233.0,,
2000-0750-AUS,,Flood,Riverine flood,"Bingara, Yallaroi villages (Gwydir district, New South Wales province), Coonebarabran village (Warrumbungle Shire district, New South Wales province), Berrigan, Corowa Shire, Deniliquin, Murray districts (New South Wales province)",2000,11,2000,12.0,,,600.0,600.0,495441.0,,
2000-0214-AUS,Tessi,Storm,Tropical cyclone,Townsville district (Queensland province),2000,4,2000,4.0,,,400.0,400.0,112175.0,,
2000-0249-AUS,,Infestation,Locust infestation,"South Australia, New South Wales, Queensland",2000,4,2000,4.0,,,,,224350.0,,
2000-0659-AUS,,Wildfire,"Land fire (Brush, Bush, Pasture)","Ashfield (A), Auburn (C), Bankstown (C), Botany Bay (C), Burwood (A), Canada Bay (A), Canterbury (C), Holroyd (C), Hunters Hill (A), Hurstville (C), Kogarah (C), Ku-ring-gai (A), Lane Cove (A), Leichhardt (A), Manly (A), Marrickville (A), Mosman (A), North Sydney (A), Parramatta (C), Pittwater (A), Randwick (C), Rockdale (C), Ryde (C), Strathfield (A), Sutherland Shire (A), Sydney (C), Warringah (A), Waverley (A), Willoughby (C), Woollahra (A) districts (New South Wales province)",2000,10,2000,10.0,,,200.0,200.0,,,
2000-0843-AUS,Sam,Storm,Tropical cyclone,"Bidyadanga area (Broome district, Western Australia province)",2000,12,2000,12.0,,,750.0,750.0,,,
2001-0045-AUS,,Storm,Storm (General),"Brisbane district (Queensland province), Kiama, Shellharbour, Wingecarribee, Wollongong, Hornsby, Ku-ring-gai, Waverley, Richmond Valley, Armidale Dumaresq, Tamworth Regional, Clarence Valley, Kyogle districts (New South Wales province)",2001,1,2001,1.0,1.0,27.0,,27.0,,,
2001-0103-AUS,,Flood,Coastal flood,"Pigeon Hole, Kalkarindji, Daguragu areas (Victoria-Daly district, Northern Territory province), Borroloola, Ryan's Bend areas (Roper Gulf district, Northern Territory province), Devil's Springs area (Barkly district, Northern Territory province)",2001,2,2001,2.0,,,670.0,670.0,23637.0,,
2002-0157-AUS,,Storm,Storm (General),"Sydney, Liverpoool, Fairfield, Holroyd, Parramatta, Blacktown, The Hills Shire, Campbelltown districts (New South Wales province)",2002,2,2002,2.0,,,,,,,
2002-0637-AUS,,Storm,Severe weather,New South Wales province,2002,9,2002,9.0,,,,,,,
2002-0765-AUS,,Wildfire,"Land fire (Brush, Bush, Pasture)","Sydney (Ashfield (A), Auburn (C), Bankstown (C), Botany Bay (C), Burwood (A), Canada Bay (A), Canterbury (C), Holroyd (C), Hunters Hill (A), Hurstville (C), Kogarah (C), Ku-ring-gai (A), Lane Cove (A), Leichhardt (A), Manly (A), Marrickville (A), Mosman (A), North Sydney (A), Parramatta (C), Pittwater (A), Randwick (C), Rockdale (C), Ryde (C), Strathfield (A), Sutherland Shire (A), Sydney (C), Warringah (A), Waverley (A), Willoughby (C), Woollahra (A) districts, New South Wales province)",2002,10,2002,12.0,2.0,4.0,,244.0,89491.0,,
2003-0030-AUS,,Wildfire,Forest fire,"Canberra region (Unincorporated ACT district, Australian Capital Territory province)",2003,1,2003,2.0,4.0,150.0,2500.0,2650.0,525026.0,,
2003-0288-AUS,,Storm,Tornado,Greater Bendigo district (Victoria province),2003,5,2003,5.0,,,240.0,270.0,,,
2003-0615-AUS,,Storm,Lightning/Thunderstorms,Melbourne district (Victoria province),2003,12,2003,12.0,,,,,162758.0,,
2004-0662-AUS,,Flood,Riverine flood,"Eidsvold village (North Burnett district, Queensland province), Wee Waa village (Narrabri district, New South Wales province), Weemelah, Mungindi villages (Moree Plains district, New South Wales province), Mullumbimby, Billinudgel villages (Byron district, New South Wales province), Orange New South Wales",2004,12,2004,12.0,3.0,,120.0,120.0,25567.0,,
2004-0674-AUS,,Storm,Storm (General),"Victoria, Queensland provinces",2004,1,2004,1.0,1.0,,,,85223.0,,
2006-0139-AUS,Larry,Storm,Tropical cyclone,Cairns district (Queensland province),2006,3,2006,4.0,,30.0,,7030.0,1884466.0,-17.91,145.54
2006-0155-AUS,Glenda,Storm,Tropical cyclone,"Exmouth, Ashburton, East Pilbara, Port Hedland, Roebourne districts (Western Australia province)",2006,3,2006,4.0,,,500.0,500.0,,-25.68,115.13
2006-9554-AUS,,Drought,Drought,NO DATA: all country has been selected,2006,10,2006,,,,,,,,
2010-0120-AUS,"Cyclone ""Ului""",Storm,Tropical cyclone,"Mackay, Whitsunday districts (Queensland province)",2010,3,2010,3.0,1.0,,,,,,
2010-0465-AUS,,Flood,Riverine flood,"Alpine, Ballarat, Banyule, Baw Baw, Darebin, East Gippsland, Greater Shepparton, Hepburn, Hume, Latrobe, Mansfield, Moonee Valley, Moreland, Nillumbik, South Gippsland, Strathbogie, Wangaratta, Wellington, Whittlesea districts (Victoria province)",2010,9,2010,9.0,,,10000.0,10000.0,,-38.07,143.32
2012-0037-AUS,,Flood,Riverine flood,"New South Wales province (Bellingen, Byron, Kyogle, Lismore, Richmond Valley, Clarence Valley, Coffs Harbour, Inverell, Nambucca, Kempsey, Tweed, Tenterfield, Greater Taree, Moree Plains, Narrabri (Wee Waa town), Gunnedah, Gwydir (Bingara, Gravesend, Yallaroi towns), Brewarrina (Goodooga town), Walgett (Collarenebri, Lightning Ridge, Cumborah towns), Bourke districts), Queensland province (Balonne (St. George, Dirranbandi, Roma towns), Paroo (Cunnamulla town), Maranoa (Mitchell town (Booringa area)), Murweh (Charleville town) districts),",2012,2,2012,3.0,2.0,,3000.0,3000.0,509009.0,,
2014-0062-AUS,,Wildfire,"Land fire (Brush, Bush, Pasture)","Mickleham, Craigieburn cities (Hume district, Victoria province), Whittlesea (S), Nillumbik (S) districts (Melbourne north outskirts, Victoria province), Wallan, Kilmore, Beveridge cities (Mitchell (S) district, Victoria province), Warrandyte city (Manningham (C) district, Victoria province), Wunghnu city (Moira (S) district, Victoria province), Glenaladale, Walpa cities (East Gippsland (S) district, Victoria province), Yarram city (Wellington district, Victoria province), Morwell city (Latrobe district, Victoria province), Gisborne (Macedon Ranges district, Victoria province)",2014,2,2014,2.0,,20.0,,122.0,135992.0,,
2014-0475-AUS,,Storm,Lightning/Thunderstorms,Brisbane district (Queensland province),2014,11,2014,11.0,,12.0,52527.0,52539.0,1359923.0,,
2015-0135-AUS,Cyclone 'Olwyn',Storm,Tropical cyclone,"Carnarvon, Ashburton, Upper Gascoyne, Geraldton-Greenough, Irwin districts (Western Australia province)",2015,3,2015,3.0,,,600.0,600.0,77424.0,,
2021-0103-AUS,,Flood,Flood (General),Northern Territory State,2021,2,2021,2.0,,,250.0,250.0,,,
2016-0515-AUS,Dengue,Epidemic,Viral disease,,2016,1,2016,1.0,,2016.0,,2016.0,,,
2017-0105-AUS,Debbie,Storm,Tropical cyclone,"Logan region; Queensland; Nouvelle-Galles du Sud, au sud du Queensland, Sydney; Bowen (Whitsunday), Mackay, Proserpine (Whitsunday), Airlie beach (Whitsunday Isl.)",2017,3,2017,4.0,12.0,,45000.0,45000.0,3546211.0,,
2018-0123-AUS,,Flood,Flood (General),"Ingham, Halifax, Innisfail (Northern Queensland)",2018,3,2018,3.0,,,600.0,600.0,14616.0,-17.015,145.218
2019-0084-AUS,,Wildfire,"Land fire (Brush, Bush, Pasture)",Gippsland region (South-east Victoria state),2019,3,2019,3.0,,,600.0,627.0,,,
2021-0125-AUS,Tropial cylone 'Niran',Storm,Tropical cyclone,Queensland and New South Wales,2021,2,2021,3.0,,,6000.0,6000.0,184158.0,,
2021-0173-AUS,Tropical cyclone 'Seroja-21',Storm,Tropical cyclone,Kalbarri and Northampton Town,2021,4,2021,4.0,1.0,,2625.0,2625.0,629701.0,,
2022-0396-AUS,,Flood,Flood (General),"New South Wales (south-east Australia), including Sydney City",2022,7,2022,7.0,1.0,,85000.0,85000.0,512636.0,,
2023-0038-AUS,,Flood,Flood (General),Kimberley region (Western Australia),2023,1,2023,1.0,,,363.0,477.0,,,
2023-0815-AUS,,Flood,Flood (General),"New South Wales, Victoria, South Australia and south-eastern Queensland States",2023,11,2023,11.0,,,390.0,390.0,,,
2023-0828-AUS,Cyclone 'Jasper',Storm,Tropical cyclone,"Cairns, Port Douglas, Daintree, Cooktown, Wujal Wujal and Hope Vale (Queensland)",2023,12,2023,12.0,,,300.0,300.0,,,
2025-0165-AUS,Tropical cyclone 'Alfred',Storm,Tropical cyclone,"Queensland state, New South Wales North Coast",2025,2,2025,3.0,1.0,13.0,,13.0,3500000.0,,
2000-0097-AUS,Steve,Storm,Tropical cyclone,"Cairns, Tablelands districts (Queensland province), New South Wales province",2000,2,2000,3.0,1.0,,200.0,200.0,168263.0,,
2001-0028-AUS,,Flood,Flood (General),"Granville, Wenworthville villages (Parramatta district, New South Wales province), Merrylands village (Holroyd district, New South Wales province), Dural village (Hornsby district, New South Wales province), North Richmond village (Hawkesbury district, New South Wales province)",2001,1,2001,1.0,1.0,30.0,300.0,330.0,21818.0,,
2001-0030-AUS,,Storm,Storm (General),Sydney district (New South Wales province),2001,1,2001,1.0,1.0,,,,12000.0,,
2001-0087-AUS,,Flood,Riverine flood,"Grafton, Maclean villages (Clarence Valley district, New South Wales province)",2001,2,2001,2.0,,,,,,,
2001-0130-AUS,,Flood,Riverine flood,"Maclean, Yamba villages (Clarence Valley district, New South Wales province), Lismore, Woodburn villages (Lismore district, New South Wales province), Mullumbimby village (Byron district, New South Wales province), Murwillumbah area (Tweed district, New South Wales province), Smithtown, Gladstone areas (Kempsey district, New South Wales province), Coffs Harbour, Ballina, Kyogle, New South Wales",2001,3,2001,3.0,3.0,1.0,3000.0,3001.0,363640.0,,
2001-0301-AUS,,Storm,Severe weather,Gold Coast district (Queensland province),2001,4,2001,4.0,,,180.0,180.0,,,
2001-0655-AUS,,Wildfire,"Land fire (Brush, Bush, Pasture)",New South Wales province,2001,10,2001,10.0,,,,,,,
2001-0699-AUS,,Wildfire,"Land fire (Brush, Bush, Pasture)","Sydney (Ashfield (A), Auburn (C), Bankstown (C), Botany Bay (C), Burwood (A), Canada Bay (A), Canterbury (C), Holroyd (C), Hunters Hill (A), Hurstville (C), Kogarah (C), Ku-ring-gai (A), Lane Cove (A), Leichhardt (A), Manly (A), Marrickville (A), Mosman (A), North Sydney (A), Parramatta (C), Pittwater (A), Randwick (C), Rockdale (C), Ryde (C), Strathfield (A), Sutherland Shire (A), Sydney (C), Warringah (A), Waverley (A), Willoughby (C), Woollahra (A) districts, New South Wales province), Canberra (Unincorporated ACT district, Australian Capital Territory province)",2001,12,2002,1.0,,,4400.0,4400.0,163638.0,,
2003-0066-AUS,,Storm,Storm (General),New South Wales province,2003,1,2003,1.0,1.0,,,,,,
2004-0400-AUS,,Storm,Storm (General),"Victoria, New South Wales provinces",2004,7,2004,7.0,,,600.0,600.0,,,
2004-0432-AUS,,Infestation,Locust infestation,NSW,2004,8,2004,8.0,,,,,,,
2004-0537-AUS,,Flood,Riverine flood,"Repton, Urunga villages (Bellingen district, New South Wales province), Coffs Harbour district (New South Wales province)",2004,10,2004,10.0,,,100.0,100.0,9374.0,,
2005-0014-AUS,,Wildfire,Forest fire,"Eyre peninsula (Ceduna (DC), Cleve (DC), Elliston (DC), Franklin Harbour (DC), Kimba (DC), Lower Eyre Peninsula (DC), Port Augusta (C), Port Lincoln (C), Streaky Bay (DC), Tumby Bay (DC), Whyalla (C), Wudinna (DC) districts, South Australia province)",2005,1,2005,1.0,12.0,20.0,200.0,220.0,65941.0,,
2007-0160-AUS,,Flood,Flash flood,"Gosford, Dungog, Newcastle, Wyong, Port Stephens, Maitland, Cessnock districts (New South Wales province)",2007,6,2007,6.0,9.0,,5000.0,5000.0,2018525.0,-32.87,151.38
2008-0014-AUS,,Flood,Riverine flood,"Brisbane, Southern Downs, Scenic Rim, Ipswich districts (Queensland province), Lismore, Richmond Valley, Kyogle, Tweed, Bellingen, Tenterfield, Ballina districts (New South Wales province)",2008,1,2008,1.0,1.0,,3000.0,3000.0,134577.0,-28.44,152.87
2010-0624-AUS,,Flood,Riverine flood,"Benalla, Buloke, Campaspe, Gannawarra, Greater Shepparton, Hindmarsh, Indigo, Loddon, Mildura, Moira, Swan Hill, Towong, Wangaratta, Wodonga, Yarriambiack districts (North Central Victoria province), Queensland, New South Wales provinces",2010,11,2010,12.0,,,1000.0,1000.0,,-29.83,147.38
2011-0070-AUS,"Tropical Cyclone ""Yasi""",Storm,Tropical cyclone,"Cassowary, Innisfail, Silkwood, Mission Beach, Cardwell, Tully towns (Cassowary Coast district, Queensland province), Townsville town (Townsville district, Queensland province), Ingham town (Hinchinbrook district, Queensland province)",2011,2,2011,2.0,1.0,,7300.0,7300.0,3578111.0,,
2011-0640-AUS,,Wildfire,"Land fire (Brush, Bush, Pasture)","Margaret river city (Augusta-Margaret River (S) district, Western Australia province)",2011,8,2011,8.0,,,120.0,120.0,77287.0,,
2014-0010-AUS,,Extreme temperature,Heat wave,"Western Australia, Victoria provinces",2014,1,2014,1.0,139.0,,,,,,
2015-0053-AUS,Cyclone Lam,Storm,Tropical cyclone,"Northern Territory, Western Australia provinces",2015,2,2015,2.0,,,390.0,438.0,105948.0,,
2015-0079-AUS,Cyclone 'Marcia',Storm,Tropical cyclone,"Queensland, New South Wales provinces",2015,2,2015,2.0,1.0,,,6000.0,741638.0,,
2015-0576-AUS,,Flood,Flash flood,"Queensland, New South Wales provinces",2015,4,2015,5.0,6.0,,,,543325.0,,
2016-0014-AUS,Yarloop busfires,Wildfire,"Land fire (Brush, Bush, Pasture)","Yarloop, Cookernup areas (Harvey (S) district, Western Australia province), Hamel, Waroona areas (Waroona (S) district, Western Australia province)",2016,1,2016,1.0,2.0,,,540.0,147553.0,,
2016-0201-AUS,,Storm,Blizzard/Winter storm,"New South Wales, Queensland, Tasmania provinces",2016,6,2016,6.0,5.0,,,,670694.0,,
2018-0459-AUS,,Extreme temperature,Heat wave,,2018,12,2019,1.0,,,,,,,
2020-0595-AUS,,Storm,Hail,Brisbane,2020,10,2020,10.0,,,,,1492716.0,,
2021-0058-AUS,,Wildfire,"Land fire (Brush, Bush, Pasture)",Perth region,2021,2,2021,2.0,,,,243.0,142574.0,,
2021-0807-AUS,,Flood,Flood (General),New South Wales and Queensland,2021,11,2021,12.0,2.0,,1000.0,1000.0,118811.0,,
2022-0103-AUS,,Flood,Flood (General),"Mount Glorious, Bracken Ridge, Clontarf, Cooran, Pomona, Alderley, Lower Springbrook, Brisbane, Gympie , Sunshine Coast, Gold Coast i(south-eastern Queensland); Uki, Kunghur, Rosebank, Rous River, Nimbin, Mullumbimby, Bentley, Nana Glen , Blackbutt , Sydney , Warragamba (New South Wales)",2022,2,2022,3.0,22.0,,54000.0,54000.0,7260511.0,,
2023-0129-AUS,,Flood,Flood (General),"Daguragu, Kalkarindji, Pigeon Hole and Palumpa in the Victoria Daly Region",2023,3,2023,3.0,,,700.0,700.0,,,
2021-0169-AUS,,Flood,Flood (General),"Greater Sidney, Hunter, Mid North Coast, Clearance Nambucca Regions (New South Wales); Queensland",2021,3,2021,3.0,2.0,,18000.0,18000.0,2495040.0,,
2022-0183-AUS,,Flood,Flood (General),South-east Queensland (QLD); northern New South Wales (NSW),2022,3,2022,3.0,4.0,12.0,6000.0,6012.0,,,
2024-0199-AUS,,Flood,Flash flood,Greater Sidney area (eastern New South Wales State); Queensland,2024,4,2024,4.0,,6.0,200.0,206.0,266841.0,,
2025-0047-AUS,,Wildfire,Wildfire (General),"Dimbola and Wail towns, Little Desert National Park (Shire of Hindmarshand of the Wimmera region, Victoria state)",2025,1,2025,1.0,,,260.0,260.0,,,
2002-0798-AUS,,Storm,Storm (General),"Port Stephens, Greater Taree districts (New South Wales province)",2002,12,2002,12.0,,,120.0,129.0,,,
2003-0079-AUS,,Flood,Riverine flood,"Stanwell, Gracemere, Mount Morgan villages (Rockhampton district, Queensland province), Wowan, Baralaba, Moura villages (Banana district, Queensland province), Agnes Water, Makowata villages (Gladstone district, Queensland province), Blackall Tambo district (Queensland province)",2003,2,2003,2.0,1.0,,20.0,20.0,3500.0,,
2003-0292-AUS,,Flood,Flash flood,"Gosford, Wyong, Wollongong districts (New South Wales province)",2003,5,2003,5.0,,,300.0,300.0,,,
2003-0560-AUS,Hailstorm,Storm,Hail,Sydney district (New South Wales province),2003,10,2003,10.0,,,1500.0,1500.0,,,
2003-0616-AUS,,Storm,Hail,Gladstone district (Queensland province),2003,12,2003,12.0,,,300.0,300.0,,,
2003-0587-AUS,,Flood,Flash flood,"Darebin, Manningham districts (Victoria province)",2003,12,2003,12.0,,,50.0,50.0,131256.0,,
2004-0589-AUS,,Storm,Storm (General),Brisbane district (Queensland province),2004,11,2004,11.0,2.0,,45.0,45.0,17045.0,,
2005-0068-AUS,,Storm,Storm (General),"Narrabri, Jerilderie, Wagga Wagga, Griffith, Bega Valley, Eurobodalla, Shoalhaven, Campbelltown districts (New South Wales province)",2005,1,2005,1.0,,,600.0,600.0,44510.0,,
2005-0523-AUS,,Flood,Riverine flood,"Coomera, Currumbin villages (Gold Coast district, Queensland province), Byron Bay area (Byron district, New South Wales province), Yamba area (Clarence Valley district, New South Wales province), Benora area (Tweed district, New South Wales province), Casino village (Richmond Valley district, New South Wales province), Kyogle, Lismore, Ballina districts (New South Wales province)",2005,6,2005,7.0,3.0,,3000.0,3000.0,95614.0,,
2006-0043-AUS,Clare,Storm,Tropical cyclone,"Wyndham-East Kimberley, Ashburton, East Pilbara, Port Hedland, Roebourne, Upper Gascoyne districts (Western Australia province)",2006,1,2006,1.0,,,1500.0,1500.0,3759.0,-23.26,116.94
2006-0057-AUS,,Wildfire,Forest fire,"Victoria, New South Wales, Tasmania provinces",2006,1,2006,4.0,3.0,,,81.0,79850.0,,
2006-0179-AUS,,Flood,Riverine flood,"Beswick village (Roper Gulf district, Northern Territory province), Katherine, Unincorporated NT districts, (Northern Territory province)",2006,4,2006,4.0,,,1100.0,1100.0,,-14.18,132.39
2008-0098-AUS,,Flood,Riverine flood,"Gooseponds, Hospital Bridge, Glenella, the CBD areas (Mackay district, Queensland province), Calliope, Gladstone, Miriam Vale, Agnes Water, Seventeen Seventy towns (Gladstone district, Queensland province), Gogango, Rockhampton towns (Rockhampton district, Queensland province), Bundaberg city (Bundaberg district, Queensland province), Giru village (Burdekin district, Queensland province), Thuringowa area (Townsville district, Queensland province), Atherton, Tolga towns (Tablelands district, Queensland province), Edmonton area (Cairns district, Queensland province)",2008,2,2008,2.0,2.0,,1000.0,1000.0,1644836.0,-22.46,149.54
2008-0581-AUS,,Flood,Riverine flood,"Central Highlands, Isaac districts (Queensland province)",2008,11,2008,11.0,4.0,,1200.0,1200.0,411209.0,-21.56,147.03
2009-0067-AUS,,Wildfire,"Land fire (Brush, Bush, Pasture)","Marysville, Kinglake, Taggerty cities (Murrindindi (S) district, Victoria province), Strathewen, St Andrews cities (Nillumbik (S) district, Victoria province), , Whittlesea city (Whittlesea district, Victoria province), Wandong city (Mitchell (S) district, Victoria province)",2009,2,2009,2.0,180.0,500.0,9454.0,9954.0,1950833.0,,
2009-0048-AUS,"Tropical storm ""Dominic""",Storm,Tropical cyclone,Queensland province,2009,1,2009,2.0,,,400.0,400.0,,-20.11,120.56
2009-0230-AUS,,Storm,Severe weather,"Queensland, New South Wales provinces",2009,5,2009,5.0,1.0,,15000.0,15000.0,90038.0,-29.05,152.73
2009-0589-AUS,,Flood,Riverine flood,New South Wales province,2009,12,2009,12.0,,,200.0,200.0,,-31.17,151.75
2010-0102-AUS,,Storm,Lightning/Thunderstorms,"Victoria, New South Wales, Tasmania provinces",2010,3,2010,3.0,,,,,1963648.0,,
2010-0103-AUS,,Flood,Riverine flood,"Charleville town (Murweh district, Queensland province), Roma town (Maranoa district, Queensland province), Thallon, Bollon, Dirranbandi towns (Balonne district, Queensland province), Brisbane district (Queensland province),",2010,2,2010,3.0,,,,,160931.0,-26.21,147.95
2010-0656-AUS,,Flood,Riverine flood,"New South Wales, Queensland, Victoria provinces",2010,12,2011,2.0,35.0,,175000.0,175000.0,10777915.0,-24.77,147.63
2011-0080-AUS,,Flood,Riverine flood,"Fitzroy Crossing area (Derby-West Kimberley district, Western Australia province), Warmum area (Halls Creek district, Western Australia province)",2011,3,2011,3.0,,,217.0,217.0,,-18.939,122.73
2012-0029-AUS,,Flood,Riverine flood,"New South Wales, Queensland provinces",2012,1,2012,3.0,2.0,,13000.0,13000.0,315501.0,-21.71,146.64
2013-0008-AUS,Ex-Tropical cyclone Oswald,Storm,Tropical cyclone,"Brisbane, Ipswich, Bundaberg, Rockhampton districts (Queensland province), New South Wales province",2013,1,2013,1.0,6.0,,7500.0,7500.0,2763968.0,,
2014-0004-AUS,,Wildfire,"Land fire (Brush, Bush, Pasture)","Kalamunda (S), Mundaring (S) districts (Perth Hills region, Western Australia province)",2014,1,2014,1.0,2.0,,,168.0,33998.0,,
2015-0560-AUS,,Wildfire,Forest fire,"Wye River, Separation Creek cities (Colac-Otway (S) district, Victoria province)",2015,12,2015,12.0,,,,348.0,135831.0,,
2016-0428-AUS,,Flood,Flood (General),"Victoria, South Australia provinces",2016,9,2016,9.0,1.0,,280.0,280.0,33535.0,-33.277,139.898
2017-0562-AUS,,Storm,Hail,,2017,3,2017,3.0,,,6000.0,6000.0,643572.0,,
2018-9258-AUS,,Drought,Drought,"New South Wales, Victoria , Queensland",2018,1,2018,8.0,,,,,1538515.0,,
2019-0545-AUS,Currowan,Wildfire,"Land fire (Brush, Bush, Pasture)","New South Wales, Queensland; Victoria; South Australia, Western Australia",2019,9,2020,2.0,32.0,24.0,1959.0,8883.0,2518550.0,,
